,gt,time_elapsed,current_time,current_task,emg0,emg1,emg2,emg3,emg4,emg5,emg6,emg7
0,0,2.027480364,20221214215315238,None,19,20,29,69,38,30,28,23
1,0,2.037472248,20221214215315248,None,19,20,29,69,38,30,28,23
2,0,2.047472715,20221214215315258,None,20,19,29,66,38,29,30,23
3,0,2.057464838,20221214215315268,None,20,19,29,66,38,29,30,23
4,0,2.067456484,20221214215315278,None,20,21,28,72,38,30,29,22
5,0,2.077476024,20221214215315288,None,20,21,28,72,38,30,29,22
6,0,2.087459802,20221214215315298,None,21,22,28,73,38,26,28,24
7,0,2.097455978,20221214215315308,None,21,22,28,73,38,26,28,24
8,0,2.10748291,20221214215315318,None,21,23,30,71,38,29,24,23
9,0,2.117483616,20221214215315328,None,21,23,30,71,38,29,24,23
10,0,2.127518415,20221214215315338,None,23,22,28,68,33,27,25,23
11,0,2.137615204,20221214215315348,None,23,22,28,68,33,27,25,23
12,0,2.147609234,20221214215315358,None,23,23,25,76,33,26,22,22
13,0,2.157922029,20221214215315369,None,23,23,25,76,33,26,22,22
14,0,2.167627573,20221214215315378,None,23,23,25,76,33,26,22,22
15,0,2.177735567,20221214215315388,None,22,22,25,72,31,25,22,27
16,0,2.187763929,20221214215315398,None,22,22,25,72,31,25,22,27
17,0,2.197821855,20221214215315408,None,21,22,26,76,36,25,21,25
18,0,2.207738399,20221214215315418,None,21,20,26,68,37,25,22,26
19,0,2.217797756,20221214215315428,None,21,20,26,68,37,25,22,26
20,0,2.227839231,20221214215315438,None,18,23,24,68,34,28,23,25
21,0,2.237660646,20221214215315448,None,18,23,24,68,34,28,23,25
22,0,2.247531652,20221214215315458,None,20,24,28,91,42,30,24,26
23,0,2.257829904,20221214215315468,None,20,24,28,91,42,30,24,26
24,0,2.267616272,20221214215315478,None,19,22,28,91,45,29,24,21
25,0,2.277738094,20221214215315488,None,19,22,28,91,45,29,24,21
26,0,2.287572861,20221214215315498,None,17,23,26,87,41,30,26,20
27,0,2.297641754,20221214215315508,None,17,23,26,87,41,30,26,20
28,0,2.307744741,20221214215315518,None,19,23,26,88,40,26,26,20
29,0,2.317517519,20221214215315528,None,19,23,26,88,40,26,26,20
30,0,2.327600241,20221214215315538,None,19,23,26,88,40,26,26,20
31,0,2.337819099,20221214215315548,None,20,23,27,85,42,24,24,22
32,0,2.347629785,20221214215315558,None,20,21,23,48,35,23,25,23
33,0,2.357635259,20221214215315568,None,20,21,23,48,35,23,25,23
34,0,2.367507458,20221214215315578,None,22,23,22,56,32,23,24,23
35,0,2.377981186,20221214215315589,None,22,23,22,56,32,23,24,23
36,0,2.387629747,20221214215315598,None,25,22,24,54,34,21,26,26
37,0,2.397871733,20221214215315609,None,25,22,24,54,34,21,26,26
38,0,2.407584667,20221214215315618,None,23,22,27,59,32,20,28,28
39,0,2.417650461,20221214215315628,None,23,22,27,59,32,20,28,28
40,0,2.427479029,20221214215315638,None,22,21,26,68,34,22,27,29
41,0,2.437525511,20221214215315648,None,22,21,26,68,34,22,27,29
42,0,2.447624206,20221214215315658,None,22,21,26,68,34,22,27,29
43,0,2.457889557,20221214215315669,None,22,24,28,76,37,21,27,26
44,0,2.467654466,20221214215315678,None,21,24,28,76,38,22,29,27
45,0,2.47751069,20221214215315688,None,21,24,28,76,38,22,29,27
46,0,2.487465381,20221214215315698,None,20,26,26,78,37,22,27,25
47,0,2.497509718,20221214215315708,None,20,26,26,78,37,22,27,25
48,0,2.507515192,20221214215315718,None,21,27,26,75,39,24,26,23
49,0,2.517613172,20221214215315728,None,21,27,26,75,39,24,26,23
50,0,2.527629614,20221214215315738,None,20,27,26,67,36,25,27,22
51,0,2.5375542639999997,20221214215315748,None,20,27,26,67,36,25,27,22
52,0,2.5475215909999998,20221214215315758,None,20,27,26,67,36,25,27,22
53,0,2.557887077,20221214215315769,None,21,24,24,67,33,24,26,24
54,0,2.567589521,20221214215315778,None,20,25,27,69,39,24,25,22
55,0,2.577569723,20221214215315788,None,20,25,27,69,39,24,25,22
56,0,2.587487459,20221214215315798,None,20,23,28,67,37,26,23,22
57,0,2.597501755,20221214215315808,None,20,23,28,67,37,26,23,22
58,0,2.607484579,20221214215315818,None,20,23,28,67,37,26,23,22
59,0,2.617460251,20221214215315828,None,20,21,26,64,35,25,23,22
60,0,2.62747097,20221214215315838,None,21,24,27,65,35,26,20,23
61,0,2.637467861,20221214215315848,None,21,24,27,65,35,26,20,23
62,0,2.647517204,20221214215315858,None,21,25,27,59,35,24,25,21
63,0,2.657493114,20221214215315868,None,21,25,27,59,35,24,25,21
64,0,2.667532205,20221214215315878,None,21,25,27,59,35,24,25,21
65,0,2.677525759,20221214215315888,None,22,22,28,59,28,26,25,22
66,0,2.68752718,20221214215315898,None,23,23,25,61,27,26,25,23
67,0,2.6974964139999997,20221214215315908,None,23,23,25,61,27,26,25,23
68,0,2.707475185,20221214215315918,None,21,23,24,67,30,26,25,23
69,0,2.7178683279999998,20221214215315929,None,21,23,24,67,30,26,25,23
70,0,2.727454185,20221214215315938,None,21,23,24,67,30,26,25,23
71,0,2.7375168800000003,20221214215315948,None,22,21,24,63,29,24,26,21
72,0,2.74748826,20221214215315958,None,22,21,24,63,30,26,23,25
73,0,2.757525682,20221214215315968,None,22,21,24,63,30,26,23,25
74,0,2.767517566,20221214215315978,None,21,22,22,57,31,23,25,25
75,0,2.777485847,20221214215315988,None,21,22,22,57,31,23,25,25
76,0,2.78746438,20221214215315998,None,21,22,22,57,31,23,25,25
77,0,2.797523975,20221214215316008,None,20,23,23,64,32,22,27,26
78,0,2.807526588,20221214215316018,None,21,24,25,71,35,24,28,28
79,0,2.817538976,20221214215316028,None,21,24,25,71,35,24,28,28
80,0,2.827488184,20221214215316038,None,21,23,24,71,36,23,30,28
81,0,2.837533474,20221214215316048,None,21,23,24,71,36,23,30,28
82,0,2.847478151,20221214215316058,None,21,23,24,71,36,23,30,28
83,0,2.857521772,20221214215316068,None,21,25,25,72,37,23,29,26
84,0,2.867481231,20221214215316078,None,22,24,24,70,38,23,26,26
85,0,2.877875328,20221214215316089,None,22,24,24,70,38,23,26,26
86,0,2.887554645,20221214215316098,None,22,24,24,70,38,23,26,26
87,0,2.89752388,20221214215316108,None,22,23,24,62,40,23,24,24
88,0,2.907552242,20221214215316118,None,22,23,24,62,40,23,24,24
89,0,2.9174966810000003,20221214215316128,None,23,24,25,56,35,21,22,20
90,0,2.927514791,20221214215316138,None,21,24,27,58,34,21,19,21
91,0,2.9374907009999998,20221214215316148,None,21,24,27,58,34,21,19,21
92,0,2.947512388,20221214215316158,None,19,23,28,62,35,21,19,19
93,0,2.957486152,20221214215316168,None,19,23,28,62,35,21,19,19
94,0,2.967470407,20221214215316178,None,19,23,28,62,35,21,19,19
95,0,2.977508783,20221214215316188,None,21,24,27,63,31,21,19,18
96,0,2.987479448,20221214215316198,None,23,23,27,63,29,22,20,21
97,0,2.99750781,20221214215316208,None,23,23,27,63,29,22,20,21
98,0,3.007521152,20221214215316218,None,21,22,25,61,30,24,17,22
99,0,3.017475843,20221214215316228,None,21,22,25,61,30,24,17,22
100,0,3.027472973,20221214215316238,None,21,22,25,61,30,24,17,22
101,0,3.037476063,20221214215316248,None,24,23,24,79,30,24,17,22
102,0,3.047506094,20221214215316258,None,24,23,23,91,31,25,21,23
103,0,3.057520628,20221214215316268,None,24,23,23,91,31,25,21,23
104,0,3.06752038,20221214215316278,None,21,22,23,90,33,26,21,23
105,0,3.077536106,20221214215316288,None,21,22,23,90,33,26,21,23
106,0,3.087482214,20221214215316298,None,21,22,23,90,33,26,21,23
107,0,3.097507715,20221214215316308,None,21,25,25,95,31,28,24,25
108,0,3.107516765,20221214215316318,None,22,23,25,93,32,29,26,24
109,0,3.117521047,20221214215316328,None,22,23,25,93,32,29,26,24
110,0,3.127514362,20221214215316338,None,19,26,26,86,34,29,28,24
111,0,3.137486219,20221214215316348,None,19,26,26,86,34,29,28,24
112,0,3.147475242,20221214215316358,None,19,26,26,86,34,29,28,24
113,0,3.157514334,20221214215316368,None,21,25,26,73,33,26,28,25
114,0,3.167496443,20221214215316378,None,21,25,26,73,33,26,28,25
115,0,3.177486896,20221214215316388,None,21,26,28,74,31,27,30,24
116,0,3.187531471,20221214215316398,None,20,23,27,74,32,23,29,21
117,0,3.197529316,20221214215316408,None,20,23,27,74,32,23,29,21
118,0,3.207483768,20221214215316418,None,20,23,27,74,32,23,29,21
119,0,3.217524767,20221214215316428,None,21,25,28,82,35,22,28,22
120,0,3.227517366,20221214215316438,None,21,23,28,78,34,26,27,24
121,0,3.237481594,20221214215316448,None,21,23,28,78,34,26,27,24
122,0,3.247458696,20221214215316458,None,20,25,29,78,33,24,24,24
123,0,3.257467508,20221214215316468,None,20,25,29,78,33,24,24,24
124,0,3.267477512,20221214215316478,None,20,25,29,78,33,24,24,24
125,0,3.277510404,20221214215316488,None,21,25,27,74,35,24,22,26
126,0,3.287465334,20221214215316498,None,19,24,26,70,35,25,22,26
127,0,3.297475576,20221214215316508,None,19,24,26,70,35,25,22,26
128,0,3.307541847,20221214215316518,None,19,24,24,58,32,26,21,26
129,0,3.317531824,20221214215316528,None,19,24,24,58,32,26,21,26
130,0,3.327478885,20221214215316538,None,19,24,24,58,32,26,21,26
131,0,3.337471962,20221214215316548,None,22,24,25,55,31,21,23,26
132,0,3.347517967,20221214215316558,None,23,22,23,50,33,23,25,26
133,0,3.357493877,20221214215316568,None,23,22,23,50,33,23,25,26
134,0,3.367685795,20221214215316578,None,24,23,24,52,31,23,25,25
135,0,3.377530098,20221214215316588,None,24,23,24,52,31,23,25,25
136,0,3.38747859,20221214215316598,None,24,23,24,52,31,23,25,25
137,0,3.397477865,20221214215316608,None,25,25,24,55,31,22,24,25
138,0,3.4075038429999998,20221214215316618,None,25,23,25,54,32,19,26,25
139,0,3.417520523,20221214215316628,None,25,23,25,54,32,19,26,25
140,0,3.427551269,20221214215316638,None,25,26,24,57,32,21,27,26
141,0,3.437847137,20221214215316648,None,25,26,24,57,32,21,27,26
142,0,3.447491169,20221214215316658,None,25,26,24,57,32,21,27,26
143,0,3.457520008,20221214215316668,None,24,27,23,51,29,23,27,25
144,0,3.467519522,20221214215316678,None,24,27,23,51,29,23,27,25
145,0,3.4775331019999998,20221214215316688,None,22,27,24,51,32,22,27,24
146,0,3.487535,20221214215316698,None,23,28,24,56,32,23,28,25
147,0,3.497569561,20221214215316708,None,23,28,24,56,32,23,28,25
148,0,3.507494926,20221214215316718,None,23,28,24,56,32,23,28,25
149,0,3.517505646,20221214215316728,None,22,30,25,60,34,24,26,23
150,0,3.527520895,20221214215316738,None,22,30,25,60,34,24,26,23
151,0,3.53752017,20221214215316748,None,21,26,23,54,33,23,23,22
152,0,3.547495842,20221214215316758,None,22,25,23,56,35,21,24,23
153,0,3.557510137,20221214215316768,None,22,25,23,56,35,21,24,23
154,0,3.567487716,20221214215316778,None,22,25,23,56,35,21,24,23
155,0,3.577509403,20221214215316788,None,21,26,22,54,32,23,22,23
156,0,3.587520838,20221214215316798,None,21,26,22,54,32,23,22,23
157,0,3.59746933,20221214215316808,None,20,29,25,58,31,23,22,25
158,0,3.607505083,20221214215316818,None,20,29,25,58,31,23,22,25
159,0,3.617483854,20221214215316828,None,21,27,24,52,30,24,22,25
160,0,3.627469778,20221214215316838,None,21,27,24,52,30,24,22,25
161,0,3.637509107,20221214215316848,None,21,29,24,52,33,24,21,26
162,0,3.647521257,20221214215316858,None,21,29,24,52,33,24,21,26
163,0,3.657518863,20221214215316868,None,21,32,24,56,33,24,20,25
164,0,3.667515993,20221214215316878,None,20,31,25,65,38,23,23,26
165,0,3.677526235,20221214215316888,None,20,31,25,65,38,23,23,26
166,0,3.687484503,20221214215316898,None,20,31,25,65,38,23,23,26
167,0,3.69749403,20221214215316908,None,21,28,22,65,41,24,24,23
168,0,3.707531452,20221214215316918,None,21,28,22,65,41,24,24,23
169,0,3.717512369,20221214215316928,None,21,28,22,65,41,24,24,23
170,0,3.72758913,20221214215316938,None,25,26,23,70,36,24,25,20
171,0,3.7375319,20221214215316948,None,25,26,23,70,36,24,25,20
172,0,3.747493744,20221214215316958,None,25,26,23,70,36,24,25,20
173,0,3.757472515,20221214215316968,None,25,23,24,80,36,25,25,21
174,0,3.767477751,20221214215316978,None,25,23,24,80,36,25,25,21
175,0,3.777469396,20221214215316988,None,26,22,22,75,34,25,24,20
176,0,3.7874715329999997,20221214215316998,None,27,21,23,65,30,25,25,22
177,0,3.797480106,20221214215317008,None,27,21,23,65,30,25,25,22
178,0,3.807463646,20221214215317018,None,27,21,23,65,30,25,25,22
179,0,3.81747365,20221214215317028,None,25,22,22,69,34,25,26,23
180,0,3.8274614810000003,20221214215317038,None,25,22,22,69,34,25,26,23
181,0,3.837485552,20221214215317048,None,25,22,22,69,34,25,26,23
182,0,3.847492218,20221214215317058,None,22,22,24,67,36,24,25,25
183,0,3.8574965,20221214215317068,None,22,22,24,67,36,24,25,25
184,0,3.867474317,20221214215317078,None,22,22,24,67,36,24,25,25
185,0,3.877557039,20221214215317088,None,21,22,24,71,35,26,26,27
186,0,3.887607574,20221214215317098,None,21,22,24,71,35,26,26,27
187,0,3.897495031,20221214215317108,None,20,23,23,70,35,27,27,27
188,0,3.907520532,20221214215317118,None,22,24,24,65,31,26,26,28
189,0,3.9178025720000003,20221214215317128,None,22,24,24,65,31,26,26,28
190,0,3.927546263,20221214215317138,None,22,24,24,65,31,26,26,28
191,0,3.937532425,20221214215317148,None,21,25,22,65,29,27,28,29
192,0,3.94753313,20221214215317158,None,21,25,22,65,29,27,28,29
193,0,3.957808018,20221214215317168,None,21,23,22,56,32,26,27,28
194,0,3.967554807,20221214215317178,None,22,22,22,48,30,26,27,27
195,0,3.977847814,20221214215317188,None,22,22,22,48,30,26,27,27
196,0,3.987523079,20221214215317198,None,22,22,22,48,30,26,27,27
197,0,3.997742891,20221214215317208,None,22,22,23,47,31,26,25,26
198,0,4.007515907,20221214215317218,None,22,22,23,47,31,26,25,26
199,0,4.017550945,20221214215317228,None,20,21,22,46,32,25,25,25
200,0,4.027495384,20221214215317238,None,20,24,27,55,31,23,24,24
201,0,4.037542105,20221214215317248,None,20,24,27,55,31,23,24,24
202,0,4.047492981,20221214215317258,None,20,24,27,55,31,23,24,24
203,0,4.057528496,20221214215317268,None,20,24,25,53,30,22,24,23
204,0,4.067518711,20221214215317278,None,20,24,25,53,30,22,24,23
205,0,4.077514648,20221214215317288,None,17,23,26,56,30,20,21,22
206,0,4.087519884,20221214215317298,None,17,23,26,56,30,20,21,22
207,0,4.097519874,20221214215317308,None,20,22,25,55,30,18,20,23
208,0,4.10748887,20221214215317318,None,20,22,25,55,30,18,20,23
209,0,4.118191242,20221214215317329,None,21,24,25,63,30,21,22,22
210,0,4.127497196,20221214215317338,None,21,24,25,63,30,21,22,22
211,0,4.137538671,20221214215317348,None,20,20,22,53,30,23,22,24
212,0,4.147558451,20221214215317358,None,20,20,22,53,30,23,22,24
213,0,4.157476425,20221214215317368,None,19,22,21,54,28,24,23,26
214,0,4.167474747,20221214215317378,None,19,22,21,54,28,24,23,26
215,0,4.177556276,20221214215317388,None,20,25,23,60,30,24,23,24
216,0,4.187513351,20221214215317398,None,20,25,23,60,30,24,23,24
217,0,4.19754219,20221214215317408,None,21,26,22,69,30,25,23,26
218,0,4.207489252,20221214215317418,None,21,26,22,69,30,25,23,26
219,0,4.21747756,20221214215317428,None,23,26,22,64,31,23,20,25
220,0,4.227472305,20221214215317438,None,23,26,22,64,31,23,20,25
221,0,4.237474203,20221214215317448,None,23,26,22,64,29,23,23,25
222,0,4.247474432,20221214215317458,None,23,26,22,64,29,23,23,25
223,0,4.2574958800000005,20221214215317468,None,22,26,24,64,30,24,22,24
224,0,4.267609358,20221214215317478,None,22,26,24,64,30,24,22,24
225,0,4.277668476,20221214215317488,None,24,23,26,67,29,26,23,27
226,0,4.287534475,20221214215317498,None,24,23,26,67,29,26,23,27
227,0,4.297605514,20221214215317508,None,24,26,30,63,29,25,24,27
228,0,4.307504892,20221214215317518,None,24,26,30,63,29,25,24,27
229,0,4.317604065,20221214215317528,None,20,24,30,61,27,24,26,27
230,0,4.327666044,20221214215317538,None,20,24,30,61,27,24,26,27
231,0,4.337529421,20221214215317548,None,20,24,30,61,27,24,26,27
232,0,4.347486973,20221214215317558,None,21,23,29,66,29,24,24,27
233,0,4.35748887,20221214215317568,None,22,22,29,67,30,22,26,27
234,0,4.367518902,20221214215317578,None,22,22,29,67,30,22,26,27
235,0,4.377774715,20221214215317588,None,20,22,27,66,32,20,25,25
236,0,4.387604713,20221214215317598,None,20,22,27,66,32,20,25,25
237,0,4.397725582,20221214215317608,None,19,20,24,65,33,21,25,25
238,0,4.407513141,20221214215317618,None,19,20,24,65,33,21,25,25
239,0,4.418081522,20221214215317629,None,20,21,24,73,34,21,25,25
240,0,4.427602768,20221214215317638,None,20,21,24,73,34,21,25,25
241,0,4.437903166,20221214215317649,None,20,22,23,70,33,22,27,23
242,0,4.447651863,20221214215317658,None,20,22,23,70,33,22,27,23
243,0,4.457640409,20221214215317668,None,22,23,21,70,31,21,26,21
244,0,4.467585563,20221214215317678,None,22,23,21,70,31,21,26,21
245,0,4.4779284,20221214215317689,None,22,23,19,64,31,22,27,22
246,0,4.487647295,20221214215317698,None,22,23,19,64,31,22,27,22
247,0,4.497888803,20221214215317709,None,21,24,18,68,29,22,27,18
248,0,4.507951498,20221214215317719,None,21,24,18,68,29,22,27,18
249,0,4.517505169,20221214215317728,None,20,23,20,72,32,23,26,19
250,0,4.527507782,20221214215317738,None,20,23,20,72,32,23,26,19
251,0,4.537816763,20221214215317748,None,22,24,22,75,35,23,25,20
252,0,4.547632932,20221214215317758,None,22,24,22,75,35,23,25,20
253,0,4.557888746,20221214215317769,None,20,23,24,71,36,27,25,21
254,0,4.567586422,20221214215317778,None,20,23,24,71,36,27,25,21
255,0,4.577638387,20221214215317788,None,22,24,25,70,37,28,27,21
256,0,4.587540626,20221214215317798,None,22,24,25,70,37,28,27,21
257,0,4.597794533,20221214215317808,None,21,24,25,67,40,30,25,23
258,0,4.607647896,20221214215317818,None,21,24,25,67,40,30,25,23
259,0,4.617766619,20221214215317828,None,22,24,24,56,38,30,25,23
260,0,4.627608061,20221214215317838,None,22,24,24,56,38,30,25,23
261,0,4.637803078,20221214215317848,None,21,23,23,53,38,30,26,23
262,0,4.647594929,20221214215317858,None,21,23,23,53,38,30,26,23
263,0,4.657678604,20221214215317868,None,22,23,22,65,38,30,26,22
264,0,4.667508364,20221214215317878,None,22,23,22,65,38,30,26,22
265,0,4.678163528,20221214215317889,None,19,22,22,70,35,29,25,23
266,0,4.687617063,20221214215317898,None,19,22,22,70,35,29,25,23
267,0,4.698285341,20221214215317909,None,21,21,24,73,32,27,28,21
268,0,4.707554102,20221214215317918,None,21,21,24,73,32,27,28,21
269,0,4.717545509,20221214215317928,None,22,21,24,81,32,27,29,20
270,0,4.727536201,20221214215317938,None,22,21,24,81,32,27,29,20
271,0,4.737838983,20221214215317948,None,21,21,22,77,29,26,29,20
272,0,4.747840404,20221214215317958,None,21,21,22,77,29,26,29,20
273,0,4.757530927,20221214215317968,None,21,22,22,69,26,22,28,22
274,0,4.767505884,20221214215317978,None,21,22,22,69,26,22,28,22
275,0,4.777950048,20221214215317989,None,22,25,22,67,25,22,27,21
276,0,4.787533521,20221214215317998,None,22,25,22,67,25,22,27,21
277,0,4.797881841,20221214215318009,None,22,25,19,57,24,22,24,23
278,0,4.807627439,20221214215318018,None,22,25,19,57,24,22,24,23
279,0,4.8176178929999995,20221214215318028,None,21,24,22,51,26,23,22,24
280,0,4.827550649,20221214215318038,None,21,24,22,51,26,23,22,24
281,0,4.837998628,20221214215318049,None,24,26,24,58,27,24,20,24
282,0,4.847650528,20221214215318058,None,24,26,24,58,27,24,20,24
283,0,4.8576705449999995,20221214215318068,None,24,26,24,58,27,24,20,24
284,0,4.867546081,20221214215318078,None,23,25,24,57,29,26,23,22
285,0,4.877525091,20221214215318088,None,26,24,27,54,30,27,22,24
286,0,4.887511015,20221214215318098,None,26,24,27,54,30,27,22,24
287,0,4.897480964,20221214215318108,None,24,24,29,60,32,26,22,24
288,0,4.907521248,20221214215318118,None,24,24,29,60,32,26,22,24
289,0,4.918071031,20221214215318129,None,24,26,28,65,34,25,26,25
290,0,4.927601576,20221214215318138,None,24,26,28,65,34,25,26,25
291,0,4.93832469,20221214215318149,None,24,26,28,65,34,25,26,25
292,0,4.947556019,20221214215318158,None,24,26,28,65,34,25,26,25
293,0,4.957857609,20221214215318168,None,21,24,31,67,33,24,26,25
294,0,4.96763587,20221214215318178,None,21,24,31,67,33,24,26,25
295,0,4.977749109,20221214215318188,None,18,25,28,71,34,24,27,23
296,0,4.987913847,20221214215318199,None,18,25,28,71,34,24,27,23
297,0,4.997840166,20221214215318208,None,19,26,27,70,33,25,26,25
298,0,5.007536888,20221214215318218,None,19,26,27,70,33,25,26,25
299,0,5.017717361,20221214215318228,None,19,24,27,62,32,26,23,26
300,0,5.027533054,20221214215318238,None,19,24,27,62,32,26,23,26
301,0,5.038084745,20221214215318249,None,23,25,25,63,33,26,22,27
302,0,5.04755044,20221214215318258,None,23,25,25,63,33,26,22,27
303,0,5.057821035,20221214215318268,None,22,24,24,64,37,24,25,29
304,0,5.067537069,20221214215318278,None,22,24,24,64,37,24,25,29
305,0,5.077489614,20221214215318288,None,23,22,24,66,36,27,24,28
306,0,5.087580681,20221214215318298,None,23,22,24,66,36,27,24,28
307,0,5.097649574,20221214215318308,None,21,21,23,60,35,25,27,27
308,0,5.107624292,20221214215318318,None,21,21,23,60,35,25,27,27
309,0,5.117797613,20221214215318328,None,22,21,23,64,32,24,28,25
310,0,5.127499103,20221214215318338,None,22,21,23,64,32,24,28,25
311,0,5.137542248,20221214215318348,None,19,21,24,62,32,26,27,29
312,0,5.147737503,20221214215318358,None,19,21,24,62,32,26,27,29
313,0,5.158000946,20221214215318369,None,20,23,21,54,26,27,24,27
314,0,5.167691707,20221214215318378,None,20,23,21,54,26,27,24,27
315,0,5.177490949,20221214215318388,None,18,22,21,48,28,26,26,30
316,0,5.187500953,20221214215318398,None,18,22,21,48,28,26,26,30
317,0,5.19816947,20221214215318409,None,19,23,19,56,28,26,23,28
318,0,5.207650423,20221214215318418,None,19,23,19,56,28,26,23,28
319,0,5.217853784,20221214215318428,None,20,24,17,51,29,25,22,29
320,0,5.227526426,20221214215318438,None,20,24,17,51,29,25,22,29
321,0,5.237491369,20221214215318448,None,20,23,19,58,33,27,23,24
322,0,5.247476339,20221214215318458,None,20,23,19,58,33,27,23,24
323,0,5.257473469,20221214215318468,None,20,22,20,63,33,25,25,25
324,0,5.267615318,20221214215318478,None,20,22,20,63,33,25,25,25
325,0,5.277632952,20221214215318488,None,24,26,23,72,33,25,23,23
326,0,5.287621975,20221214215318498,None,24,26,23,72,33,25,23,23
327,0,5.297856808,20221214215318508,None,25,27,24,66,34,26,24,22
328,0,5.307539224,20221214215318518,None,25,27,24,66,34,26,24,22
329,0,5.317654133,20221214215318528,None,24,26,25,67,34,27,26,22
330,0,5.327555656,20221214215318538,None,24,26,25,67,34,27,26,22
331,0,5.337520122,20221214215318548,None,24,26,25,67,34,27,26,22
332,0,5.347591638,20221214215318558,None,24,26,24,67,29,22,25,21
333,0,5.357962608,20221214215318569,None,24,27,25,66,35,24,23,21
334,0,5.367802858,20221214215318578,None,24,27,25,66,35,24,23,21
335,0,5.377833605,20221214215318588,None,25,25,23,54,33,23,26,20
336,0,5.387596845,20221214215318598,None,25,25,23,54,33,23,26,20
337,0,5.3978273869999995,20221214215318608,None,25,23,23,59,33,23,28,24
338,0,5.407652855,20221214215318618,None,25,23,23,59,33,23,28,24
339,0,5.417639255,20221214215318628,None,24,24,24,59,36,24,25,23
340,0,5.42765975,20221214215318638,None,24,24,24,59,36,24,25,23
341,0,5.437480926,20221214215318648,None,24,24,24,59,36,24,25,23
342,0,5.447613239,20221214215318658,None,24,24,24,59,36,24,25,23
343,0,5.457732439,20221214215318668,None,25,20,22,55,33,24,28,26
344,0,5.467582702,20221214215318678,None,25,20,22,55,33,24,28,26
345,0,5.47764492,20221214215318688,None,22,20,22,64,38,23,27,26
346,0,5.487549782,20221214215318698,None,22,20,22,64,38,23,27,26
347,0,5.497532129,20221214215318708,None,22,24,21,68,39,23,24,26
348,0,5.5075662130000005,20221214215318718,None,22,24,21,68,39,23,24,26
349,0,5.517875194,20221214215318729,None,22,23,21,67,36,23,26,25
350,0,5.527624607,20221214215318738,None,22,23,21,67,36,23,26,25
351,0,5.537607431,20221214215318748,None,22,23,21,67,36,23,26,25
352,0,5.547832489,20221214215318758,None,21,24,24,64,35,24,24,24
353,0,5.557862282,20221214215318769,None,21,24,24,64,35,24,24,24
354,0,5.567630052,20221214215318778,None,21,24,24,64,35,24,24,24
355,0,5.577541113,20221214215318788,None,21,24,24,64,35,24,24,24
356,0,5.587568521,20221214215318798,None,21,26,24,55,30,22,23,23
357,0,5.597622156,20221214215318808,None,21,26,24,55,30,22,23,23
358,0,5.607550382,20221214215318818,None,21,23,25,48,30,22,24,19
359,0,5.617554188,20221214215318828,None,21,23,25,53,32,22,22,20
360,0,5.627602815,20221214215318838,None,21,23,25,53,32,22,22,20
361,0,5.63752532,20221214215318848,None,21,23,23,54,33,20,22,23
362,0,5.6475214959999995,20221214215318858,None,21,23,23,54,33,20,22,23
363,0,5.657624721,20221214215318868,None,18,24,25,59,33,20,23,20
364,0,5.667560339,20221214215318878,None,18,24,25,59,33,20,23,20
365,0,5.677808523,20221214215318888,None,21,23,23,59,32,22,23,23
366,0,5.687523842,20221214215318898,None,21,23,23,59,32,22,23,23
367,0,5.697489977,20221214215318908,None,22,24,24,59,32,24,25,23
368,0,5.707501173,20221214215318918,None,22,24,24,59,32,24,25,23
369,0,5.718084097,20221214215318929,None,21,26,22,58,37,23,25,24
370,0,5.72755003,20221214215318938,None,21,26,22,58,37,23,25,24
371,0,5.737584591,20221214215318948,None,21,26,23,60,40,25,25,22
372,0,5.747577905,20221214215318958,None,21,26,23,60,40,25,25,22
373,0,5.757531643,20221214215318968,None,24,26,26,64,41,24,23,24
374,0,5.767627239,20221214215318978,None,24,26,26,64,41,24,23,24
375,0,5.777578592,20221214215318988,None,24,26,26,64,41,24,23,24
376,0,5.787517071,20221214215318998,None,22,24,29,60,40,26,22,27
377,0,5.798032522,20221214215319009,None,22,24,29,60,40,26,22,27
378,0,5.807643652,20221214215319018,None,22,24,29,59,38,24,22,27
379,0,5.81766057,20221214215319028,None,21,23,30,56,39,26,21,27
380,0,5.827642202,20221214215319038,None,21,23,30,56,39,26,21,27
381,0,5.83784914,20221214215319048,None,21,25,28,59,41,26,20,30
382,0,5.84754157,20221214215319058,None,21,25,28,59,41,26,20,30
383,0,5.857591629,20221214215319068,None,19,24,25,52,40,29,21,28
384,0,5.867645502,20221214215319078,None,19,24,25,52,40,29,21,28
385,0,5.877753019,20221214215319088,None,19,26,22,59,39,26,22,25
386,0,5.88781333,20221214215319098,None,19,26,22,59,39,26,22,25
387,0,5.897601366,20221214215319108,None,18,25,22,54,39,28,19,26
388,0,5.907696724,20221214215319118,None,18,25,22,54,39,28,19,26
389,0,5.917864799,20221214215319129,None,18,25,22,54,39,28,19,26
390,0,5.927660703,20221214215319138,None,19,25,22,56,32,26,18,26
391,0,5.937692642,20221214215319148,None,21,25,23,63,30,25,19,22
392,0,5.947527647,20221214215319158,None,21,25,23,63,30,25,19,22
393,0,5.957486629,20221214215319168,None,20,25,23,63,33,25,17,24
394,0,5.967512607,20221214215319178,None,20,25,23,63,33,25,17,24
395,0,5.977494001,20221214215319188,None,21,23,24,65,33,26,19,22
396,0,5.987842798,20221214215319198,None,21,23,24,65,33,26,19,22
397,0,5.9979274270000005,20221214215319209,None,21,23,26,83,36,25,21,22
398,0,6.007643699,20221214215319218,None,21,23,26,83,36,25,21,22
399,0,6.017727375,20221214215319228,None,21,24,25,84,37,25,21,20
400,0,6.027515888,20221214215319238,None,21,24,25,84,37,25,21,20
401,0,6.037619591,20221214215319248,None,21,22,24,74,33,26,20,20
402,0,6.047545671,20221214215319258,None,21,22,24,74,33,26,20,20
403,0,6.057477236,20221214215319268,None,21,22,24,74,33,26,20,20
404,0,6.067474842,20221214215319278,None,20,22,24,74,29,23,22,19
405,0,6.07753396,20221214215319288,None,20,22,24,74,29,23,22,19
406,0,6.0875175,20221214215319298,None,19,23,23,70,31,23,22,23
407,0,6.097484112,20221214215319308,None,19,23,23,70,31,23,22,23
408,0,6.107510805,20221214215319318,None,21,23,21,50,29,27,23,21
409,0,6.117515802,20221214215319328,None,22,22,26,54,29,27,25,23
410,0,6.127485037,20221214215319338,None,22,22,26,54,29,27,25,23
411,0,6.137804985,20221214215319348,None,20,22,25,56,30,27,28,24
412,0,6.147516966,20221214215319358,None,20,22,25,56,30,27,28,24
413,0,6.1574797629999996,20221214215319368,None,20,24,26,61,34,27,27,23
414,0,6.167510032,20221214215319378,None,20,24,26,61,34,27,27,23
415,0,6.177800417,20221214215319388,None,20,23,27,57,31,31,27,22
416,0,6.187630415,20221214215319398,None,20,23,27,57,31,31,27,22
417,0,6.197618723,20221214215319408,None,18,24,29,61,33,27,25,24
418,0,6.207542896,20221214215319418,None,18,24,29,61,33,27,25,24
419,0,6.21753931,20221214215319428,None,19,25,26,69,34,27,24,23
420,0,6.227578878,20221214215319438,None,19,25,26,69,34,27,24,23
421,0,6.237818003,20221214215319448,None,22,26,56,86,35,25,21,24
422,0,6.247719288,20221214215319458,None,22,26,56,86,35,25,21,24
423,0,6.257968902,20221214215319469,None,22,26,61,83,36,26,21,26
424,0,6.267558813,20221214215319478,None,22,26,61,83,36,26,21,26
425,0,6.27756381,20221214215319488,None,25,27,61,86,39,24,20,25
426,0,6.287621975,20221214215319498,None,25,27,61,86,39,24,20,25
427,0,6.297837734,20221214215319508,None,28,47,276,119,52,28,24,27
428,0,6.307585001,20221214215319518,None,28,47,276,119,52,28,24,27
429,0,6.317492246,20221214215319528,None,26,49,291,116,53,27,24,27
430,0,6.327479601,20221214215319538,None,26,49,291,116,53,27,24,27
431,0,6.337470531,20221214215319548,None,24,49,304,105,54,28,23,27
432,0,6.347581625,20221214215319558,None,24,49,304,105,54,28,23,27
433,0,6.357524156,20221214215319568,None,24,49,304,105,54,28,23,27
434,0,6.367598772,20221214215319578,None,29,63,327,117,61,30,23,28
435,0,6.37749362,20221214215319588,None,27,68,379,187,65,28,27,33
436,0,6.387713432,20221214215319598,None,27,68,379,187,65,28,27,33
437,0,6.397933245,20221214215319609,None,28,102,523,252,83,30,32,39
438,0,6.407524347,20221214215319618,None,28,102,523,252,83,30,32,39
439,0,6.417475223,20221214215319628,None,28,102,523,252,83,30,32,39
440,0,6.427473545,20221214215319638,None,52,131,757,357,106,45,39,58
441,0,6.437828064,20221214215319648,None,52,131,757,357,106,45,39,58
442,0,6.447514772,20221214215319658,None,52,131,757,357,106,45,39,58
443,0,6.457503557,20221214215319668,None,78,266,967,552,137,61,51,84
444,0,6.467460871,20221214215319678,None,78,266,967,552,137,61,51,84
445,0,6.477460861,20221214215319688,None,78,266,967,552,137,61,51,84
446,0,6.487504482,20221214215319698,None,132,303,1137,638,181,85,70,125
447,0,6.497488022,20221214215319708,None,161,312,1080,751,205,102,78,179
448,0,6.50746417,20221214215319718,None,161,312,1080,751,205,102,78,179
449,0,6.517491102,20221214215319728,None,160,306,957,724,197,98,76,192
450,0,6.527507067,20221214215319738,None,160,306,957,724,197,98,76,192
451,0,6.537465095,20221214215319748,None,160,306,957,724,197,98,76,192
452,0,6.547471762,20221214215319758,None,174,331,1007,756,212,105,76,216
453,0,6.557468414,20221214215319768,None,224,282,931,655,200,109,75,241
454,0,6.567470312,20221214215319778,None,224,282,931,655,200,109,75,241
455,0,6.577506542,20221214215319788,None,205,299,761,572,162,97,58,226
456,0,6.587515116,20221214215319798,None,205,299,761,572,162,97,58,226
457,0,6.597564697,20221214215319808,None,205,299,761,572,162,97,58,226
458,0,6.60757494,20221214215319818,None,186,280,735,414,118,79,44,191
459,0,6.617567539,20221214215319828,None,188,290,739,402,114,78,43,181
460,0,6.627622843,20221214215319838,None,188,290,739,402,114,78,43,181
461,0,6.637887001,20221214215319849,None,177,263,781,351,82,71,41,156
462,0,6.64768672,20221214215319858,None,177,263,781,351,82,71,41,156
463,0,6.657841921,20221214215319868,None,177,263,781,351,82,71,41,156
464,1,6.667488098,20221214215319878,None,114,224,715,356,76,53,35,102
465,1,6.677467346,20221214215319888,None,112,160,817,382,81,51,74,97
466,1,6.687470436,20221214215319898,None,112,160,817,382,81,51,74,97
467,1,6.697472811,20221214215319908,None,127,163,816,344,75,53,105,95
468,1,6.707483768,20221214215319918,None,127,163,816,344,75,53,105,95
469,1,6.717475176,20221214215319928,None,127,163,816,344,75,53,105,95
470,1,6.727468729,20221214215319938,None,137,146,842,332,74,54,107,98
471,1,6.73745203,20221214215319948,None,152,143,762,348,68,51,110,89
472,1,6.74759388,20221214215319958,None,152,143,762,348,68,51,110,89
473,1,6.757854223,20221214215319968,None,147,150,802,346,67,51,111,90
474,1,6.76752615,20221214215319978,None,147,150,802,346,67,51,111,90
475,1,6.77753067,20221214215319988,None,147,150,802,346,67,51,111,90
476,1,6.787485361,20221214215319998,None,143,154,660,318,57,43,92,89
477,1,6.797605037,20221214215320008,None,129,186,699,312,56,39,56,80
478,1,6.807539701,20221214215320018,None,129,186,699,312,56,39,56,80
479,1,6.81749177,20221214215320028,None,147,192,710,313,55,36,50,100
480,1,6.827611923,20221214215320038,None,147,192,710,313,55,36,50,100
481,1,6.837520599,20221214215320048,None,147,192,710,313,55,36,50,100
482,1,6.847501755,20221214215320058,None,137,195,675,278,53,34,47,127
483,1,6.8575322629999995,20221214215320068,None,132,190,638,291,49,31,73,129
484,1,6.867503643,20221214215320078,None,132,190,638,291,49,31,73,129
485,1,6.877478361,20221214215320088,None,128,177,636,257,47,35,73,132
486,1,6.887512207,20221214215320098,None,128,177,636,257,47,35,73,132
487,1,6.897969007,20221214215320109,None,128,177,636,257,47,35,73,132
488,1,6.907627821,20221214215320118,None,134,153,718,276,51,37,74,144
489,1,6.917531729,20221214215320128,None,119,149,721,275,53,35,78,132
490,1,6.927585363,20221214215320138,None,119,149,721,275,53,35,78,132
491,1,6.937815666,20221214215320148,None,109,141,698,298,51,34,78,104
492,1,6.94755435,20221214215320158,None,109,141,698,298,51,34,78,104
493,1,6.957518101,20221214215320168,None,109,141,698,298,51,34,78,104
494,1,6.967556238,20221214215320178,None,120,200,723,305,65,43,62,104
495,1,6.977868557,20221214215320189,None,123,212,771,328,71,41,58,101
496,1,6.987715244,20221214215320198,None,123,212,771,328,71,41,58,101
497,1,6.997623682,20221214215320208,None,116,207,691,331,73,38,54,92
498,1,7.007657528,20221214215320218,None,116,207,691,331,73,38,54,92
499,1,7.017516613,20221214215320228,None,116,207,691,331,73,38,54,92
500,1,7.027508974,20221214215320238,None,120,202,609,339,75,41,51,110
501,1,7.037497759,20221214215320248,None,118,204,602,318,77,42,48,115
502,1,7.047457933,20221214215320258,None,118,204,602,318,77,42,48,115
503,1,7.057495117,20221214215320268,None,107,168,574,366,84,40,39,116
504,1,7.067520141,20221214215320278,None,107,168,574,366,84,40,39,116
505,1,7.07752037,20221214215320288,None,107,168,574,366,84,40,39,116
506,1,7.087519884,20221214215320298,None,110,164,518,369,86,45,40,115
507,1,7.097520828,20221214215320308,None,109,155,449,357,85,48,41,116
508,1,7.107465505,20221214215320318,None,109,155,449,357,85,48,41,116
509,1,7.117509842,20221214215320328,None,115,153,468,372,83,45,47,107
510,1,7.127514362,20221214215320338,None,115,153,468,372,83,45,47,107
511,1,7.137473821,20221214215320348,None,115,153,468,372,83,45,47,107
512,1,7.147509813,20221214215320358,None,124,156,491,393,87,48,57,106
513,1,7.157535553,20221214215320368,None,125,135,550,318,69,41,59,100
514,1,7.167484999,20221214215320378,None,125,135,550,318,69,41,59,100
515,1,7.177533865,20221214215320388,None,120,111,529,321,61,34,57,101
516,1,7.187515974,20221214215320398,None,120,111,529,321,61,34,57,101
517,1,7.197496652,20221214215320408,None,120,111,529,321,61,34,57,101
518,1,7.207510948,20221214215320418,None,123,106,568,311,54,32,56,107
519,1,7.2175338270000005,20221214215320428,None,135,106,569,295,54,31,48,93
520,1,7.227535486,20221214215320438,None,135,106,569,295,54,31,48,93
521,1,7.237530708,20221214215320448,None,133,103,547,247,47,27,34,93
522,1,7.247758388,20221214215320458,None,133,103,547,247,47,27,34,93
523,1,7.257493019,20221214215320468,None,133,103,547,247,47,27,34,93
524,1,7.267508983,20221214215320478,None,147,91,501,252,48,29,26,108
525,1,7.27753067,20221214215320488,None,147,91,501,252,48,29,26,108
526,1,7.287541389,20221214215320498,None,147,96,500,222,46,27,29,108
527,1,7.297526598,20221214215320508,None,145,105,490,251,50,29,30,92
528,1,7.307489157,20221214215320518,None,145,105,490,251,50,29,30,92
529,1,7.317520141,20221214215320528,None,145,105,490,251,50,29,30,92
530,1,7.327484846,20221214215320538,None,112,105,510,249,47,31,28,104
531,1,7.337516069,20221214215320548,None,112,105,510,249,47,31,28,104
532,1,7.347494364,20221214215320558,None,123,101,552,254,42,29,28,109
533,1,7.357532024,20221214215320568,None,101,100,578,233,42,32,27,94
534,1,7.367606163,20221214215320578,None,101,100,578,233,42,32,27,94
535,1,7.377486944,20221214215320588,None,101,100,578,233,42,32,27,94
536,1,7.387476444,20221214215320598,None,103,106,630,224,42,34,29,96
537,1,7.397753715,20221214215320608,None,103,106,630,224,42,34,29,96
538,1,7.407492876,20221214215320618,None,122,106,703,256,43,34,28,97
539,1,7.417520046,20221214215320628,None,120,113,717,243,42,32,28,91
540,1,7.427494526,20221214215320638,None,120,113,717,243,42,32,28,91
541,1,7.437486172,20221214215320648,None,120,113,717,243,42,32,28,91
542,1,7.447479725,20221214215320658,None,119,120,713,246,44,33,27,87
543,1,7.457523584,20221214215320668,None,119,120,713,246,44,33,27,87
544,1,7.467482328,20221214215320678,None,119,120,713,246,44,33,27,87
545,1,7.477549076,20221214215320688,None,123,124,599,253,42,26,26,89
546,1,7.487522125,20221214215320698,None,123,124,599,253,42,26,26,89
547,1,7.497478485,20221214215320708,None,123,124,599,253,42,26,26,89
548,1,7.507518053,20221214215320718,None,107,133,536,221,41,28,26,86
549,1,7.517533541,20221214215320728,None,107,133,536,221,41,28,26,86
550,1,7.527472019,20221214215320738,None,115,139,531,238,48,28,27,77
551,1,7.537468672,20221214215320748,None,97,133,553,230,48,29,29,78
552,1,7.547830105,20221214215320758,None,97,133,553,230,48,29,29,78
553,1,7.557492971,20221214215320768,None,97,133,553,230,48,29,29,78
554,1,7.56751132,20221214215320778,None,111,134,558,218,47,27,29,82
555,1,7.577471256,20221214215320788,None,111,134,558,218,47,27,29,82
556,1,7.587472439,20221214215320798,None,139,130,576,220,45,28,31,90
557,1,7.597510099,20221214215320808,None,139,130,576,220,45,28,31,90
558,1,7.607494831,20221214215320818,None,152,141,574,205,47,26,35,91
559,1,7.617480993,20221214215320828,None,152,141,574,205,47,26,35,91
560,1,7.6274755,20221214215320838,None,141,129,579,196,42,26,36,80
561,1,7.637461662,20221214215320848,None,141,129,579,196,42,26,36,80
562,1,7.647508144,20221214215320858,None,144,135,556,239,47,24,37,76
563,1,7.657847404,20221214215320868,None,134,194,700,288,66,31,41,91
564,1,7.667513847,20221214215320878,None,134,194,700,288,66,31,41,91
565,1,7.677481651,20221214215320888,None,134,194,700,288,66,31,41,91
566,1,7.687468767,20221214215320898,None,106,187,660,270,69,30,40,86
567,1,7.697500706,20221214215320908,None,106,187,660,270,69,30,40,86
568,1,7.707479954,20221214215320918,None,88,171,718,271,65,31,36,86
569,1,7.717809677,20221214215320928,None,90,170,765,262,65,31,35,92
570,1,7.727477073,20221214215320938,None,90,170,765,262,65,31,35,92
571,1,7.737519026,20221214215320948,None,112,163,749,228,63,33,33,99
572,1,7.747519731,20221214215320958,None,112,163,749,228,63,33,33,99
573,1,7.757525205,20221214215320968,None,112,163,749,228,63,33,33,99
574,1,7.7674858570000005,20221214215320978,None,122,92,715,184,43,27,34,82
575,1,7.777523994,20221214215320988,None,137,139,832,275,53,27,35,84
576,1,7.787513256,20221214215320998,None,137,139,832,275,53,27,35,84
577,1,7.798154592,20221214215321009,None,137,139,832,275,53,27,35,84
578,1,7.807520866,20221214215321018,None,131,141,777,263,55,26,36,83
579,1,7.817515611,20221214215321028,None,131,141,777,263,55,26,36,83
580,1,7.827533722,20221214215321038,None,144,146,737,254,54,28,35,85
581,1,7.8380951880000005,20221214215321049,None,150,147,748,246,52,25,34,90
582,1,7.847513914,20221214215321058,None,150,147,748,246,52,25,34,90
583,1,7.858188391,20221214215321069,None,150,147,748,246,52,25,34,90
584,1,7.867521524,20221214215321078,None,166,157,753,325,62,31,33,121
585,1,7.877609014,20221214215321088,None,166,157,753,325,62,31,33,121
586,1,7.887467146,20221214215321098,None,153,116,690,254,48,32,35,120
587,1,7.897477627,20221214215321108,None,153,127,700,259,45,33,39,120
588,1,7.907501697,20221214215321118,None,153,127,700,259,45,33,39,120
589,1,7.917479992,20221214215321128,None,153,127,700,259,45,33,39,120
590,1,7.927467584,20221214215321138,None,140,127,652,263,46,33,40,120
591,1,7.93746686,20221214215321148,None,140,127,652,263,46,33,40,120
592,1,7.9474656580000005,20221214215321158,None,130,133,668,270,46,33,45,118
593,1,7.957511425,20221214215321168,None,106,127,610,172,34,30,42,103
594,1,7.967512369,20221214215321178,None,106,127,610,172,34,30,42,103
595,1,7.977475405,20221214215321188,None,106,127,610,172,34,30,42,103
596,1,7.987508297,20221214215321198,None,103,126,546,165,34,29,39,107
597,1,7.997515678,20221214215321208,None,103,126,546,165,34,29,39,107
598,1,8.007517576,20221214215321218,None,118,110,536,164,34,28,36,108
599,1,8.017520428,20221214215321228,None,134,105,525,179,41,29,37,108
600,1,8.027513981,20221214215321238,None,134,105,525,179,41,29,37,108
601,1,8.037470817,20221214215321248,None,134,105,525,179,41,29,37,108
602,1,8.047477484,20221214215321258,None,121,104,517,176,44,29,34,97
603,1,8.057508945,20221214215321268,None,121,104,517,176,44,29,34,97
604,1,8.067717552,20221214215321278,None,121,104,517,176,44,29,34,97
605,1,8.077541113,20221214215321288,None,119,93,536,160,46,24,34,75
606,1,8.087465286,20221214215321298,None,118,98,559,161,51,27,32,62
607,1,8.097474813,20221214215321308,None,118,98,559,161,51,27,32,62
608,1,8.107479811,20221214215321318,None,107,110,584,149,51,27,32,80
609,1,8.117480755,20221214215321328,None,107,110,584,149,51,27,32,80
610,1,8.127481222,20221214215321338,None,107,110,584,149,51,27,32,80
611,1,8.137465238,20221214215321348,None,122,123,695,152,44,26,28,73
612,1,8.14748168,20221214215321358,None,161,135,834,145,45,27,27,77
613,1,8.157479763,20221214215321368,None,161,135,834,145,45,27,27,77
614,1,8.167505026,20221214215321378,None,154,134,800,168,44,29,25,74
615,1,8.177480221,20221214215321388,None,154,134,800,168,44,29,25,74
616,1,8.187482357,20221214215321398,None,157,132,792,189,38,28,26,76
617,1,8.197485208,20221214215321408,None,157,132,792,189,38,28,26,76
618,1,8.207466602,20221214215321418,None,156,126,820,234,39,29,26,56
619,1,8.21746993,20221214215321428,None,156,126,820,234,39,29,26,56
620,1,8.22745204,20221214215321438,None,130,115,737,232,47,28,27,48
621,1,8.237571955,20221214215321448,None,130,115,737,232,47,28,27,48
622,1,8.247546434,20221214215321458,None,130,115,737,232,47,28,27,48
623,1,8.257816791,20221214215321468,None,79,104,579,234,42,30,27,41
624,1,8.267628431,20221214215321478,None,79,104,579,234,42,30,27,41
625,1,8.277530908,20221214215321488,None,89,102,546,208,38,30,25,53
626,1,8.287506342,20221214215321498,None,114,104,536,190,39,28,26,55
627,1,8.297578096,20221214215321508,None,114,104,536,190,39,28,26,55
628,1,8.307711601,20221214215321518,None,127,100,464,129,40,26,25,59
629,1,8.317848921,20221214215321528,None,127,100,464,129,40,26,25,59
630,1,8.327588081,20221214215321538,None,130,100,544,114,34,27,24,59
631,1,8.337557554,20221214215321548,None,130,100,544,114,34,27,24,59
632,1,8.348085642,20221214215321559,None,128,92,513,114,35,25,24,69
633,1,8.357491016,20221214215321568,None,128,92,513,114,35,25,24,69
634,1,8.367552757,20221214215321578,None,134,101,570,137,41,25,24,60
635,1,8.37791419,20221214215321589,None,134,101,570,137,41,25,24,60
636,1,8.387537479,20221214215321598,None,109,92,576,137,40,26,26,61
637,1,8.39765358,20221214215321608,None,100,102,606,147,39,26,27,78
638,1,8.407627344,20221214215321618,None,100,102,606,147,39,26,27,78
639,1,8.417631864,20221214215321628,None,100,102,606,147,39,26,27,78
640,1,8.427627563,20221214215321638,None,131,103,632,154,36,24,29,80
641,1,8.437656402,20221214215321648,None,131,103,632,154,36,24,29,80
642,1,8.44752264,20221214215321658,None,130,102,651,148,43,26,28,75
643,1,8.457491875,20221214215321668,None,130,102,651,148,43,26,28,75
644,1,8.46747446,20221214215321678,None,124,90,659,129,38,25,29,82
645,1,8.477826595,20221214215321688,None,124,90,659,129,38,25,29,82
646,1,8.48764348,20221214215321698,None,140,110,651,125,38,25,27,85
647,1,8.497503042,20221214215321708,None,140,110,651,125,38,25,27,85
648,1,8.50749278,20221214215321718,None,135,121,629,117,42,30,29,68
649,1,8.517617225,20221214215321728,None,135,121,629,117,42,30,29,68
650,1,8.527584791,20221214215321738,None,106,118,557,106,41,33,30,65
651,1,8.537642479,20221214215321748,None,106,118,557,106,41,33,30,65
652,1,8.547550201,20221214215321758,None,122,121,529,133,37,32,29,60
653,1,8.557602644,20221214215321768,None,122,121,529,133,37,32,29,60
654,1,8.56752181,20221214215321778,None,116,130,468,162,41,34,29,50
655,1,8.577802896,20221214215321788,None,116,130,468,162,41,34,29,50
656,1,8.587524414,20221214215321798,None,99,117,487,168,46,36,28,40
657,1,8.597537041,20221214215321808,None,99,117,487,168,46,36,28,40
658,1,8.607479811,20221214215321818,None,112,106,438,173,41,31,27,36
659,1,8.617451668,20221214215321828,None,112,106,438,173,41,31,27,36
660,0,8.627516985,20221214215321838,None,119,114,488,201,46,31,25,45
661,0,8.637488603,20221214215321848,None,119,114,488,201,46,31,25,45
662,0,8.647471428,20221214215321858,None,103,117,479,186,44,31,25,48
663,0,8.657490015,20221214215321868,None,103,117,479,186,44,31,25,48
664,0,8.667479515,20221214215321878,None,102,116,487,165,42,31,26,51
665,0,8.677547216,20221214215321888,None,102,116,487,165,42,31,26,51
666,0,8.687520265,20221214215321898,None,120,140,548,185,42,31,29,51
667,0,8.697517633,20221214215321908,None,120,140,548,185,42,31,29,51
668,0,8.707556486,20221214215321918,None,119,142,642,209,43,30,29,50
669,0,8.717592478,20221214215321928,None,119,142,642,209,43,30,29,50
670,0,8.727602482,20221214215321938,None,112,147,626,212,42,30,30,43
671,0,8.737661838,20221214215321948,None,112,147,626,212,42,30,30,43
672,0,8.7475636,20221214215321958,None,114,142,647,212,42,29,30,39
673,0,8.757531166,20221214215321968,None,110,134,642,211,42,29,28,33
674,0,8.767898798000001,20221214215321979,None,110,134,642,211,42,29,28,33
675,0,8.777691126,20221214215321988,None,110,134,642,211,42,29,28,33
676,0,8.787566423,20221214215321998,None,87,108,550,191,41,28,25,30
677,0,8.797838449,20221214215322008,None,87,108,550,191,41,28,25,30
678,0,8.807507753,20221214215322018,None,87,108,550,191,41,28,25,30
679,0,8.817525625,20221214215322028,None,168,73,312,87,38,31,22,28
680,0,8.827549696,20221214215322038,None,168,73,312,87,38,31,22,28
681,0,8.837628126,20221214215322048,None,168,73,312,87,38,31,22,28
682,0,8.847492695,20221214215322058,None,174,64,246,83,39,34,28,42
683,0,8.857828855,20221214215322068,None,174,64,246,83,39,34,28,42
684,0,8.867520809,20221214215322078,None,196,70,182,72,38,34,30,55
685,0,8.877527475,20221214215322088,None,196,70,182,72,38,34,30,55
686,0,8.887494801999999,20221214215322098,None,197,62,141,59,34,33,32,56
687,0,8.897599459,20221214215322108,None,197,62,141,59,34,33,32,56
688,0,8.90762496,20221214215322118,None,131,49,95,60,35,29,32,56
689,0,8.917833566,20221214215322128,None,131,49,95,60,35,29,32,56
690,0,8.92752862,20221214215322138,None,129,52,64,58,36,31,33,56
691,0,8.937530756,20221214215322148,None,129,52,64,58,36,31,33,56
692,0,8.947491407,20221214215322158,None,116,52,59,57,34,30,31,46
693,0,8.957572222,20221214215322168,None,116,52,59,57,34,30,31,46
694,0,8.967494488,20221214215322178,None,75,42,44,52,35,27,28,30
695,0,8.977537632,20221214215322188,None,75,42,44,52,35,27,28,30
696,0,8.987486362,20221214215322198,None,75,42,44,52,35,27,28,30
697,0,8.997471571,20221214215322208,None,75,42,44,52,35,27,28,30
698,0,9.007456064,20221214215322218,None,50,38,29,47,30,28,26,24
699,0,9.017457485,20221214215322228,None,50,38,29,47,30,28,26,24
700,0,9.027477741,20221214215322238,None,37,25,27,41,28,24,26,23
701,0,9.03746295,20221214215322248,None,37,25,27,41,28,24,26,23
702,0,9.047480345,20221214215322258,None,37,25,27,41,28,24,26,23
703,0,9.057458162,20221214215322268,None,37,25,27,41,28,24,26,23
704,0,9.067462206,20221214215322278,None,27,20,25,37,27,26,23,22
705,0,9.077451229,20221214215322288,None,27,20,25,37,27,26,23,22
706,0,9.087463379,20221214215322298,None,25,22,25,35,28,26,23,20
707,0,9.097452402,20221214215322308,None,25,22,25,35,28,26,23,20
708,0,9.107464313,20221214215322318,None,25,22,25,35,28,26,23,20
709,0,9.11745429,20221214215322328,None,24,22,23,31,28,25,22,23
710,0,9.127459764,20221214215322338,None,24,25,25,31,27,27,20,22
711,0,9.137458563,20221214215322348,None,24,25,25,31,27,27,20,22
712,0,9.147459745,20221214215322358,None,23,24,23,31,26,25,22,21
713,0,9.157455206,20221214215322368,None,23,24,23,31,26,25,22,21
714,0,9.1674788,20221214215322378,None,23,24,23,31,26,25,22,21
715,0,9.177462339,20221214215322388,None,26,23,24,30,24,26,21,21
716,0,9.187450647,20221214215322398,None,24,21,25,29,25,25,21,22
717,0,9.197464943,20221214215322408,None,24,21,25,29,25,25,21,22
718,0,9.207453966,20221214215322418,None,23,23,26,25,29,26,23,19
719,0,9.217450857,20221214215322428,None,23,23,26,25,29,26,23,19
720,0,9.227462053,20221214215322438,None,23,20,25,27,28,25,23,22
721,0,9.237473249,20221214215322448,None,23,20,25,27,28,25,23,22
722,0,9.247457266,20221214215322458,None,22,23,23,23,29,26,25,22
723,0,9.257444382,20221214215322468,None,22,23,23,23,29,26,25,22
724,0,9.267464876,20221214215322478,None,20,25,23,23,31,26,25,21
725,0,9.277473211,20221214215322488,None,20,25,23,23,31,26,25,21
726,0,9.287469387,20221214215322498,None,20,25,23,23,31,26,25,21
727,0,9.297457456,20221214215322508,None,20,25,23,23,31,26,25,21
728,0,9.307444095,20221214215322518,None,23,27,19,31,29,26,27,23
729,0,9.317480326,20221214215322528,None,23,27,19,31,29,26,27,23
730,0,9.327500343,20221214215322538,None,22,27,18,32,31,25,25,22
731,0,9.337699175000001,20221214215322548,None,22,27,18,32,31,25,25,22
732,0,9.347579956,20221214215322558,None,23,27,20,33,30,23,21,21
733,0,9.357544184,20221214215322568,None,23,27,20,33,30,23,21,21
734,0,9.367526531,20221214215322578,None,22,26,21,34,28,22,23,22
735,0,9.377529859,20221214215322588,None,22,26,21,34,28,22,23,22
736,0,9.387486219,20221214215322598,None,21,26,23,31,27,21,22,19
737,0,9.397518873,20221214215322608,None,21,26,23,31,27,21,22,19
738,0,9.407496929,20221214215322618,None,20,26,23,29,25,22,23,22
739,0,9.417534113,20221214215322628,None,20,26,23,29,25,22,23,22
740,0,9.427486419,20221214215322638,None,19,28,22,29,27,22,24,23
741,0,9.437479734,20221214215322648,None,19,28,22,29,27,22,24,23
742,0,9.447479009,20221214215322658,None,21,25,22,30,27,23,24,25
743,0,9.457525015,20221214215322668,None,21,25,22,30,27,23,24,25
744,0,9.467487812,20221214215322678,None,20,26,22,27,29,24,23,24
745,0,9.477487802,20221214215322688,None,20,26,22,27,29,24,23,24
746,0,9.487511873,20221214215322698,None,19,26,21,26,30,23,26,24
747,0,9.497529268,20221214215322708,None,19,26,21,26,30,23,26,24
748,0,9.507480621,20221214215322718,None,19,25,20,26,31,23,25,22
749,0,9.517477512,20221214215322728,None,19,25,20,26,31,23,25,22
750,0,9.527505874,20221214215322738,None,21,24,25,24,30,26,25,23
751,0,9.537520885,20221214215322748,None,21,24,25,24,30,26,25,23
752,0,9.547519207,20221214215322758,None,21,24,25,24,30,26,25,23
753,0,9.557487249,20221214215322768,None,20,27,25,23,30,26,26,23
754,0,9.567510366,20221214215322778,None,20,25,25,24,29,24,27,23
755,0,9.577533006,20221214215322788,None,20,25,25,24,29,24,27,23
756,0,9.587521314,20221214215322798,None,21,27,24,23,25,26,26,23
757,0,9.597489834,20221214215322808,None,21,27,24,23,25,26,26,23
758,0,9.607510805,20221214215322818,None,20,26,25,22,27,27,24,24
759,0,9.617542028,20221214215322828,None,20,26,25,22,27,27,24,24
760,0,9.627702713,20221214215322838,None,19,29,22,21,26,23,25,21
761,0,9.63765192,20221214215322848,None,19,29,22,21,26,23,25,21
762,0,9.647517919,20221214215322858,None,19,27,30,20,26,22,27,20
763,0,9.657521248,20221214215322868,None,19,27,30,20,26,22,27,20
764,0,9.667472362,20221214215322878,None,20,31,43,20,25,23,27,21
765,0,9.677543402,20221214215322888,None,20,31,43,20,25,23,27,21
766,0,9.687530041,20221214215322898,None,20,30,49,22,28,23,27,23
767,0,9.697900772,20221214215322909,None,20,30,49,22,28,23,27,23
768,0,9.707625866,20221214215322918,None,22,28,49,25,27,24,27,23
769,0,9.717535257,20221214215322928,None,22,28,49,25,27,24,27,23
770,0,9.727530002,20221214215322938,None,22,28,49,25,27,24,27,23
771,0,9.737651825,20221214215322948,None,22,27,49,24,27,25,26,26
772,0,9.74757266,20221214215322958,None,22,27,44,23,25,27,23,25
773,0,9.757811308,20221214215322968,None,22,27,44,23,25,27,23,25
774,0,9.767511129,20221214215322978,None,20,23,32,25,26,26,21,25
775,0,9.777513742,20221214215322988,None,20,23,32,25,26,26,21,25
776,0,9.78748393,20221214215322998,None,21,24,24,22,23,24,20,23
777,0,9.797459602,20221214215323008,None,21,24,24,22,23,24,20,23
778,0,9.807518005,20221214215323018,None,19,24,25,23,22,24,21,25
779,0,9.817489147,20221214215323028,None,19,24,25,23,22,24,21,25
780,0,9.827481985,20221214215323038,None,19,24,25,23,22,24,21,25
781,0,9.837766886,20221214215323048,None,21,21,24,23,23,24,22,22
782,0,9.847505808,20221214215323058,None,19,22,25,24,27,24,23,21
783,0,9.857477665,20221214215323068,None,19,22,25,24,27,24,23,21
784,0,9.867474556,20221214215323078,None,22,23,23,24,29,25,22,22
785,0,9.877506971,20221214215323088,None,22,23,23,24,29,25,22,22
786,0,9.887508392,20221214215323098,None,21,23,22,25,30,25,23,23
787,0,9.897520542,20221214215323108,None,21,23,22,25,30,25,23,23
788,0,9.907495737,20221214215323118,None,23,24,22,23,30,24,24,22
789,0,9.917538881,20221214215323128,None,23,24,22,23,30,24,24,22
790,0,9.927523374,20221214215323138,None,20,23,27,22,30,24,23,23
791,0,9.937526703,20221214215323148,None,20,23,27,22,30,24,23,23
792,0,9.947551966,20221214215323158,None,22,23,33,24,29,22,23,24
793,0,9.957582712,20221214215323168,None,22,23,33,24,29,22,23,24
794,0,9.967512369,20221214215323178,None,19,23,42,22,26,21,24,23
795,0,9.977523327,20221214215323188,None,19,23,42,22,26,21,24,23
796,0,9.987494707,20221214215323198,None,21,26,48,26,26,25,24,23
797,0,9.997643471,20221214215323208,None,21,26,48,26,26,25,24,23
798,0,10.007563591,20221214215323218,None,18,26,49,28,27,25,19,24
799,0,10.017512321,20221214215323228,None,18,26,49,28,27,25,19,24
800,0,10.027562141,20221214215323238,None,21,26,47,29,27,25,20,22
801,0,10.037579775,20221214215323248,None,21,26,47,29,27,25,20,22
802,0,10.047607183,20221214215323258,None,20,27,43,28,27,27,19,21
803,0,10.057971716,20221214215323269,None,20,27,43,28,27,27,19,21
804,0,10.067567825,20221214215323278,None,21,26,35,30,26,26,19,20
805,0,10.077514887,20221214215323288,None,21,26,35,30,26,26,19,20
806,0,10.087598085,20221214215323298,None,19,22,51,29,26,24,20,20
807,0,10.097710371,20221214215323308,None,19,22,51,29,26,24,20,20
808,0,10.107535124,20221214215323318,None,19,22,51,29,26,24,20,20
809,0,10.117676019,20221214215323328,None,21,21,70,28,26,22,20,19
810,0,10.127522945,20221214215323338,None,21,21,70,28,26,22,20,19
811,0,10.137504101,20221214215323348,None,21,24,72,30,26,24,22,19
812,0,10.147614002,20221214215323358,None,22,25,72,29,26,23,20,20
813,0,10.157529354,20221214215323368,None,22,25,72,29,26,23,20,20
814,2,10.167511463,20221214215323378,None,22,25,72,29,26,23,20,20
815,2,10.177495718,20221214215323388,None,22,25,72,27,26,25,22,21
816,2,10.187606334,20221214215323398,None,22,24,59,25,26,25,21,18
817,2,10.197533607,20221214215323408,None,22,24,59,25,26,25,21,18
818,2,10.207638502,20221214215323418,None,22,24,59,25,26,25,21,18
819,2,10.217535972,20221214215323428,None,20,26,36,27,26,27,24,18
820,2,10.227576494,20221214215323438,None,20,26,36,27,26,27,24,18
821,2,10.237831354,20221214215323448,None,18,24,32,27,26,27,27,16
822,2,10.247524023,20221214215323458,None,20,23,61,32,27,26,27,16
823,2,10.257517099,20221214215323468,None,20,23,61,32,27,26,27,16
824,2,10.267609358,20221214215323478,None,21,24,67,36,29,28,26,20
825,2,10.277527809,20221214215323488,None,21,24,67,36,29,28,26,20
826,2,10.287508964,20221214215323498,None,21,24,67,36,29,28,26,20
827,2,10.297977447,20221214215323509,None,21,25,66,36,31,28,25,20
828,2,10.307738066,20221214215323518,None,20,24,71,36,31,27,24,21
829,2,10.317525863,20221214215323528,None,20,24,71,36,31,27,24,21
830,2,10.32748723,20221214215323538,None,19,27,119,39,30,26,21,23
831,2,10.337641954,20221214215323548,None,19,27,119,39,30,26,21,23
832,2,10.347604275,20221214215323558,None,19,27,119,39,30,26,21,23
833,2,10.357580662,20221214215323568,None,21,28,151,41,33,29,22,25
834,2,10.367517233,20221214215323578,None,20,29,164,41,31,26,22,24
835,2,10.377788544,20221214215323588,None,20,29,164,41,31,26,22,24
836,2,10.38750124,20221214215323598,None,26,45,214,70,42,26,24,29
837,2,10.397461414,20221214215323608,None,26,45,214,70,42,26,24,29
838,2,10.407473326,20221214215323618,None,26,45,214,70,42,26,24,29
839,2,10.417480707,20221214215323628,None,59,73,366,103,64,28,30,34
840,2,10.427465439,20221214215323638,None,125,86,373,112,75,32,33,39
841,2,10.437474966,20221214215323648,None,125,86,373,112,75,32,33,39
842,2,10.447476148,20221214215323658,None,155,99,374,182,81,31,32,48
843,2,10.457478523,20221214215323668,None,155,99,374,182,81,31,32,48
844,2,10.467465639,20221214215323678,None,155,99,374,182,81,31,32,48
845,2,10.477458954,20221214215323688,None,177,132,378,218,134,38,34,57
846,2,10.487454653,20221214215323698,None,313,311,384,293,207,48,65,105
847,2,10.497458935,20221214215323708,None,313,311,384,293,207,48,65,105
848,2,10.507486343,20221214215323718,None,374,452,286,339,215,52,72,144
849,2,10.517474413,20221214215323728,None,374,452,286,339,215,52,72,144
850,2,10.52745676,20221214215323738,None,374,452,286,339,215,52,72,144
851,2,10.537475347,20221214215323748,None,450,499,271,343,218,60,156,192
852,2,10.547479629,20221214215323758,None,477,505,269,328,238,63,173,203
853,2,10.557461976999999,20221214215323768,None,477,505,269,328,238,63,173,203
854,2,10.567469358,20221214215323778,None,513,505,308,456,369,82,191,223
855,2,10.577476024,20221214215323788,None,513,505,308,456,369,82,191,223
856,2,10.587454796,20221214215323798,None,513,505,308,456,369,82,191,223
857,2,10.597471952,20221214215323808,None,507,507,387,462,363,95,271,273
858,2,10.607462644,20221214215323818,None,529,398,519,493,368,97,276,274
859,2,10.617470264,20221214215323828,None,529,398,519,493,368,97,276,274
860,2,10.627478123,20221214215323838,None,532,355,655,530,371,92,246,254
861,2,10.637463808,20221214215323848,None,532,355,655,530,371,92,246,254
862,2,10.647451162,20221214215323858,None,532,355,655,530,371,92,246,254
863,2,10.657470941,20221214215323868,None,647,396,685,549,365,97,291,270
864,2,10.667473316,20221214215323878,None,748,427,706,519,222,84,287,277
865,2,10.67747426,20221214215323888,None,748,427,706,519,222,84,287,277
866,2,10.687429428,20221214215323898,None,827,438,686,584,192,80,258,253
867,2,10.697467089,20221214215323908,None,827,438,686,584,192,80,258,253
868,2,10.707458734,20221214215323918,None,827,438,686,584,192,80,258,253
869,2,10.717465639,20221214215323928,None,863,498,625,545,176,82,282,278
870,2,10.727472782,20221214215323938,None,935,541,523,520,182,85,301,279
871,2,10.737485885,20221214215323948,None,935,541,523,520,182,85,301,279
872,2,10.747462272,20221214215323958,None,862,526,512,492,174,80,268,289
873,2,10.75748086,20221214215323968,None,862,526,512,492,174,80,268,289
874,2,10.767484665,20221214215323978,None,862,526,512,492,174,80,268,289
875,2,10.777561188,20221214215323988,None,835,515,466,436,161,87,341,322
876,2,10.787511587000001,20221214215323998,None,835,515,466,436,161,87,341,322
877,2,10.797479391,20221214215324008,None,817,444,552,406,169,75,317,312
878,2,10.807507992,20221214215324018,None,770,380,536,402,169,69,309,286
879,2,10.817753315000001,20221214215324028,None,770,380,536,402,169,69,309,286
880,2,10.827518463,20221214215324038,None,770,380,536,402,169,69,309,286
881,2,10.837484598,20221214215324048,None,694,397,518,393,149,68,329,343
882,2,10.847470522,20221214215324058,None,698,377,502,413,147,64,351,353
883,2,10.857475042,20221214215324068,None,698,377,502,413,147,64,351,353
884,2,10.867497682,20221214215324078,None,693,370,509,422,163,57,284,334
885,2,10.877543449000001,20221214215324088,None,693,370,509,422,163,57,284,334
886,2,10.887505054,20221214215324098,None,693,370,509,422,163,57,284,334
887,2,10.897577524,20221214215324108,None,693,370,509,422,163,57,284,334
888,2,10.907589435,20221214215324118,None,742,391,412,280,122,66,295,330
889,2,10.917547703,20221214215324128,None,742,391,412,280,122,66,295,330
890,2,10.927533626,20221214215324138,None,680,313,414,285,121,66,260,280
891,2,10.937716484,20221214215324148,None,680,313,414,285,121,66,260,280
892,2,10.94760108,20221214215324158,None,680,313,414,285,121,66,260,280
893,2,10.95770812,20221214215324168,None,715,310,419,337,120,66,211,234
894,2,10.96786356,20221214215324179,None,689,299,429,374,91,62,297,295
895,2,10.977627039,20221214215324188,None,689,299,429,374,91,62,297,295
896,2,10.987963915,20221214215324199,None,720,387,345,391,94,60,300,306
897,2,10.997549057,20221214215324208,None,720,387,345,391,94,60,300,306
898,2,11.007510662,20221214215324218,None,720,387,345,391,94,60,300,306
899,2,11.017903805,20221214215324229,None,698,361,334,398,83,52,281,304
900,2,11.027555942,20221214215324238,None,721,343,306,415,86,49,276,289
901,2,11.037807464,20221214215324248,None,721,343,306,415,86,49,276,289
902,2,11.047580004,20221214215324258,None,782,370,284,411,110,52,274,294
903,2,11.057759762,20221214215324268,None,782,370,284,411,110,52,274,294
904,2,11.067502498,20221214215324278,None,769,367,261,336,108,54,214,257
905,2,11.077891111,20221214215324289,None,769,367,261,336,108,54,214,257
906,2,11.087629318,20221214215324298,None,769,367,261,336,108,54,214,257
907,2,11.097509861,20221214215324308,None,670,270,311,373,114,44,211,223
908,2,11.107475996,20221214215324318,None,692,276,327,376,118,46,227,272
909,2,11.117503881,20221214215324328,None,692,276,327,376,118,46,227,272
910,2,11.127483606,20221214215324338,None,692,276,327,376,118,46,227,272
911,2,11.137505293,20221214215324348,None,686,283,331,349,120,46,242,279
912,2,11.147480249000001,20221214215324358,None,686,283,331,349,120,46,242,279
913,2,11.157467127,20221214215324368,None,556,257,326,308,94,44,256,277
914,2,11.167650461,20221214215324378,None,556,257,326,308,94,44,256,277
915,2,11.177484512,20221214215324388,None,556,257,326,308,94,44,256,277
916,2,11.18749237,20221214215324398,None,556,257,326,308,94,44,256,277
917,2,11.197907448,20221214215324409,None,549,262,375,398,96,51,260,318
918,2,11.20748496,20221214215324418,None,549,262,375,398,96,51,260,318
919,2,11.21748209,20221214215324428,None,470,227,365,392,91,49,245,287
920,2,11.227562904,20221214215324438,None,471,218,351,388,86,49,231,295
921,2,11.237776756,20221214215324448,None,471,218,351,388,86,49,231,295
922,2,11.24750781,20221214215324458,None,471,218,351,388,86,49,231,295
923,2,11.257476091000001,20221214215324468,None,489,226,360,371,83,47,240,335
924,2,11.267548799,20221214215324478,None,489,226,360,371,83,47,240,335
925,2,11.277526855,20221214215324488,None,554,221,286,320,71,46,226,323
926,2,11.287474394,20221214215324498,None,542,183,325,232,60,35,184,254
927,2,11.297495842,20221214215324508,None,542,183,325,232,60,35,184,254
928,2,11.307494163,20221214215324518,None,542,183,325,232,60,35,184,254
929,2,11.317519903,20221214215324528,None,544,179,371,234,59,38,178,243
930,2,11.327513933,20221214215324538,None,544,179,371,234,59,38,178,243
931,2,11.337519884,20221214215324548,None,564,205,378,269,66,44,172,281
932,2,11.347521066,20221214215324558,None,625,175,367,277,68,55,221,232
933,2,11.357564688,20221214215324568,None,625,175,367,277,68,55,221,232
934,2,11.367530584,20221214215324578,None,625,175,367,277,68,55,221,232
935,2,11.377808571,20221214215324588,None,552,185,416,259,68,57,227,206
936,2,11.387581587,20221214215324598,None,552,185,416,259,68,57,227,206
937,2,11.397535562,20221214215324608,None,522,215,485,259,67,58,231,209
938,2,11.407498598,20221214215324618,None,531,233,468,273,68,55,224,225
939,2,11.417505264,20221214215324628,None,531,233,468,273,68,55,224,225
940,0,11.427466631,20221214215324638,None,531,233,468,273,68,55,224,225
941,0,11.437478065,20221214215324648,None,567,212,465,239,60,51,251,174
942,0,11.447560549,20221214215324658,None,567,212,465,239,60,51,251,174
943,0,11.457511425,20221214215324668,None,511,224,492,218,57,38,194,178
944,0,11.467486858000001,20221214215324678,None,517,219,464,370,60,37,189,236
945,0,11.477504015,20221214215324688,None,517,219,464,370,60,37,189,236
946,0,11.487543821,20221214215324698,None,517,219,464,370,60,37,189,236
947,0,11.497838735,20221214215324708,None,553,188,345,406,62,36,239,259
948,0,11.507623434,20221214215324718,None,553,188,345,406,62,36,239,259
949,0,11.517496586,20221214215324728,None,553,188,345,406,62,36,239,259
950,0,11.527512073,20221214215324738,None,564,240,328,453,70,40,270,320
951,0,11.537671089,20221214215324748,None,564,240,328,453,70,40,270,320
952,0,11.547533989,20221214215324758,None,564,240,328,453,70,40,270,320
953,0,11.557491779,20221214215324768,None,543,234,385,456,79,42,263,316
954,0,11.567596197,20221214215324778,None,543,234,385,456,79,42,263,316
955,0,11.577540636,20221214215324788,None,544,251,408,345,81,41,277,291
956,0,11.58807373,20221214215324799,None,610,253,412,309,78,43,250,302
957,0,11.597675323,20221214215324808,None,610,253,412,309,78,43,250,302
958,0,11.60751152,20221214215324818,None,610,253,412,309,78,43,250,302
959,0,11.61747694,20221214215324828,None,585,304,410,372,90,46,231,286
960,0,11.627563476,20221214215324838,None,585,304,410,372,90,46,231,286
961,0,11.637847662,20221214215324848,None,606,269,403,367,84,47,224,238
962,0,11.647762298,20221214215324858,None,602,278,442,367,80,48,226,238
963,0,11.657857895,20221214215324868,None,602,278,442,367,80,48,226,238
964,0,11.66754961,20221214215324878,None,602,278,442,367,80,48,226,238
965,0,11.677528858,20221214215324888,None,591,262,403,368,81,46,195,226
966,0,11.68760848,20221214215324898,None,591,262,403,368,81,46,195,226
967,0,11.697532415,20221214215324908,None,503,254,434,343,78,123,164,202
968,0,11.707514524,20221214215324918,None,443,167,469,217,64,230,110,211
969,0,11.717501163,20221214215324928,None,443,167,469,217,64,230,110,211
970,0,11.727469444,20221214215324938,None,443,167,469,217,64,230,110,211
971,0,11.73745799,20221214215324948,None,399,152,523,178,67,283,92,275
972,0,11.747459173,20221214215324958,None,399,152,523,178,67,283,92,275
973,0,11.757453918,20221214215324968,None,378,143,634,175,73,414,118,307
974,0,11.767467022,20221214215324978,None,368,166,794,161,68,432,122,306
975,0,11.777472496,20221214215324988,None,368,166,794,161,68,432,122,306
976,0,11.787531137,20221214215324998,None,368,166,794,161,68,432,122,306
977,0,11.797529459,20221214215325008,None,307,214,945,200,76,545,155,345
978,0,11.807543278,20221214215325018,None,307,214,945,200,76,545,155,345
979,0,11.817469835,20221214215325028,None,307,219,959,181,75,566,160,328
980,0,11.827507734,20221214215325038,None,286,222,950,182,72,551,155,293
981,0,11.837530851,20221214215325048,None,286,222,950,182,72,551,155,293
982,0,11.847473621,20221214215325058,None,286,222,950,182,72,551,155,293
983,0,11.857807398,20221214215325068,None,271,206,820,169,61,469,124,256
984,0,11.867501497,20221214215325078,None,271,206,820,169,61,469,124,256
985,0,11.877493381,20221214215325088,None,267,182,654,152,54,454,120,261
986,0,11.887564182,20221214215325098,None,266,113,372,84,39,294,69,180
987,0,11.897557735,20221214215325108,None,266,113,372,84,39,294,69,180
988,0,11.907552719,20221214215325118,None,266,113,372,84,39,294,69,180
989,0,11.917505979,20221214215325128,None,171,74,277,64,35,159,44,142
990,0,11.927509069,20221214215325138,None,171,74,277,64,35,159,44,142
991,0,11.937480688,20221214215325148,None,106,61,176,51,34,126,37,104
992,0,11.947504043,20221214215325158,None,97,51,159,46,29,88,35,94
993,0,11.957479,20221214215325168,None,97,51,159,46,29,88,35,94
994,0,11.967510938,20221214215325178,None,79,47,134,39,29,77,29,63
995,0,11.977516413,20221214215325188,None,79,47,134,39,29,77,29,63
996,0,11.987504482,20221214215325198,None,79,47,134,39,29,77,29,63
997,0,11.997486591,20221214215325208,None,57,40,120,38,31,49,25,54
998,0,12.007490873,20221214215325218,None,57,40,120,38,31,49,25,54
999,0,12.017470598,20221214215325228,None,39,37,134,49,45,42,24,44
1000,0,12.027460336,20221214215325238,None,39,37,134,49,45,42,24,44
1001,0,12.037461281,20221214215325248,None,31,33,136,50,45,34,26,35
1002,0,12.047456741,20221214215325258,None,31,33,136,50,45,34,26,35
1003,0,12.057450533,20221214215325268,None,31,34,137,50,45,30,26,35
1004,0,12.067442655,20221214215325278,None,31,34,137,50,45,30,26,35
1005,0,12.077473402,20221214215325288,None,30,31,137,50,45,28,27,34
1006,0,12.087454796,20221214215325298,None,30,31,137,50,45,28,27,34
1007,0,12.097471952,20221214215325308,None,26,28,122,44,42,24,28,34
1008,0,12.107483387,20221214215325318,None,26,28,122,44,42,24,28,34
1009,0,12.117486715,20221214215325328,None,26,26,79,31,28,23,28,35
1010,0,12.127458334,20221214215325338,None,26,26,79,31,28,23,28,35
1011,0,12.137465477,20221214215325348,None,26,25,54,26,27,24,26,34
1012,0,12.147462368,20221214215325358,None,26,25,54,26,27,24,26,34
1013,0,12.157474994,20221214215325368,None,26,25,54,26,27,24,26,34
1014,0,12.167479276,20221214215325378,None,25,23,48,25,30,24,26,31
1015,0,12.177463054,20221214215325388,None,23,23,43,23,32,25,29,30
1016,0,12.187479734,20221214215325398,None,23,23,43,23,32,25,29,30
1017,0,12.197479009,20221214215325408,None,22,22,36,23,33,23,26,29
1018,0,12.207459688,20221214215325418,None,22,22,36,23,33,23,26,29
1019,0,12.217460871,20221214215325428,None,23,25,31,23,32,24,26,27
1020,0,12.227474689,20221214215325438,None,23,25,31,23,32,24,26,27
1021,0,12.237472772,20221214215325448,None,23,25,31,23,32,24,26,27
1022,0,12.247455597,20221214215325458,None,22,23,26,28,33,22,24,26
1023,0,12.257481813,20221214215325468,None,20,25,32,29,34,22,24,24
1024,0,12.267467022,20221214215325478,None,20,25,32,29,34,22,24,24
1025,0,12.27747345,20221214215325488,None,20,26,33,31,31,22,19,22
1026,0,12.287457943,20221214215325498,None,20,26,33,31,31,22,19,22
1027,0,12.297463655,20221214215325508,None,19,26,34,31,30,24,21,21
1028,0,12.307475805,20221214215325518,None,19,26,34,31,30,24,21,21
1029,0,12.31753087,20221214215325528,None,17,23,32,30,29,22,22,22
1030,0,12.327473640000001,20221214215325538,None,17,23,32,30,29,22,22,22
1031,0,12.337519407,20221214215325548,None,20,24,33,25,27,24,24,22
1032,0,12.347477436,20221214215325558,None,20,24,33,25,27,24,24,22
1033,0,12.357475281,20221214215325568,None,20,25,30,23,21,26,21,20
1034,0,12.36750412,20221214215325578,None,20,25,30,23,21,26,21,20
1035,0,12.377462387,20221214215325588,None,19,24,25,22,25,24,24,20
1036,0,12.387506246,20221214215325598,None,19,24,25,22,25,24,24,20
1037,0,12.397472858,20221214215325608,None,18,26,23,24,26,25,23,20
1038,0,12.407501221,20221214215325618,None,18,26,23,24,26,25,23,20
1039,0,12.41748023,20221214215325628,None,23,27,24,26,28,29,23,23
1040,0,12.427510261,20221214215325638,None,23,27,24,26,28,29,23,23
1041,0,12.437499761,20221214215325648,None,20,28,22,26,28,27,23,22
1042,0,12.44747138,20221214215325658,None,20,28,22,26,28,27,23,22
1043,0,12.457481861,20221214215325668,None,22,27,24,25,31,28,24,22
1044,0,12.46748352,20221214215325678,None,22,27,24,25,31,28,24,22
1045,0,12.477483272,20221214215325688,None,23,26,24,27,30,28,22,30
1046,0,12.487475633,20221214215325698,None,23,26,24,27,30,28,22,30
1047,0,12.497478723,20221214215325708,None,26,25,24,27,31,29,21,35
1048,0,12.507488012,20221214215325718,None,26,25,24,27,31,29,21,35
1049,0,12.517492056,20221214215325728,None,22,25,25,26,29,29,23,33
1050,0,12.52748394,20221214215325738,None,22,25,25,26,29,29,23,33
1051,0,12.537515878,20221214215325748,None,23,24,26,27,31,29,22,34
1052,0,12.547535181,20221214215325758,None,23,24,26,27,31,29,22,34
1053,0,12.557524442,20221214215325768,None,21,26,24,29,28,27,25,34
1054,0,12.567481518,20221214215325778,None,21,26,24,29,28,27,25,34
1055,0,12.577484131,20221214215325788,None,20,25,24,26,29,28,25,39
1056,0,12.587455272,20221214215325798,None,20,25,24,26,29,28,25,39
1057,0,12.597455263,20221214215325808,None,18,26,24,26,27,26,26,38
1058,0,12.607472658,20221214215325818,None,18,26,24,26,27,26,26,38
1059,0,12.617470741,20221214215325828,None,19,25,22,25,29,24,24,40
1060,0,12.627461195,20221214215325838,None,19,25,22,25,29,24,24,40
1061,0,12.637465715,20221214215325848,None,18,24,23,26,27,24,25,39
1062,0,12.647527695,20221214215325858,None,18,24,23,26,27,24,25,39
1063,0,12.657968998,20221214215325869,None,19,21,21,24,26,23,22,39
1064,0,12.667537927,20221214215325878,None,19,21,21,24,26,23,22,39
1065,0,12.677568435,20221214215325888,None,19,24,20,25,25,22,21,27
1066,0,12.687494516,20221214215325898,None,19,24,20,25,25,22,21,27
1067,0,12.697799682,20221214215325908,None,20,23,21,23,25,21,23,22
1068,0,12.707636118,20221214215325918,None,20,23,21,23,25,21,23,22
1069,0,12.717516899,20221214215325928,None,21,23,21,23,23,21,24,19
1070,0,12.727481365,20221214215325938,None,21,23,21,23,23,21,24,19
1071,0,12.737607239999999,20221214215325948,None,21,23,21,23,23,21,24,19
1072,0,12.747532606,20221214215325958,None,21,23,21,23,23,21,24,19
1073,0,12.757780552,20221214215325968,None,21,25,23,31,29,22,23,19
1074,0,12.767627477,20221214215325978,None,21,25,23,31,29,22,23,19
1075,0,12.777515888,20221214215325988,None,19,24,23,29,27,21,25,19
1076,0,12.787542105,20221214215325998,None,19,24,23,29,27,21,25,19
1077,0,12.797592401,20221214215326008,None,18,25,22,31,26,22,23,30
1078,0,12.80751419,20221214215326018,None,18,25,22,31,26,22,23,30
1079,0,12.817600012,20221214215326028,None,19,26,22,33,29,21,24,31
1080,0,12.827586174,20221214215326038,None,19,26,22,33,29,21,24,31
1081,0,12.837505817,20221214215326048,None,19,26,22,32,30,21,24,32
1082,0,12.847469568,20221214215326058,None,19,26,22,32,30,21,24,32
1083,0,12.857456207,20221214215326068,None,21,26,21,27,27,22,25,34
1084,0,12.867464065,20221214215326078,None,21,26,21,27,27,22,25,34
1085,0,12.877464294,20221214215326088,None,21,26,22,27,27,24,25,36
1086,0,12.887458801,20221214215326098,None,21,26,22,27,27,24,25,36
1087,0,12.897462368,20221214215326108,None,23,26,23,27,30,24,25,28
1088,0,12.907465696,20221214215326118,None,23,26,23,27,30,24,25,28
1089,0,12.917452335,20221214215326128,None,21,26,23,25,28,26,22,29
1090,0,12.92745018,20221214215326138,None,21,26,23,25,28,26,22,29
1091,0,12.937463522,20221214215326148,None,22,26,23,23,27,26,23,28
1092,0,12.947464943,20221214215326158,None,22,26,23,23,27,26,23,28
1093,0,12.957458019,20221214215326168,None,20,26,22,23,27,26,23,28
1094,0,12.967447042,20221214215326178,None,20,26,22,23,27,26,23,28
1095,0,12.977464437,20221214215326188,None,20,27,20,25,26,26,23,26
1096,0,12.987477302,20221214215326198,None,20,27,20,25,26,26,23,26
1097,0,12.997458458,20221214215326208,None,25,26,18,29,27,28,22,26
1098,0,13.007463455,20221214215326218,None,25,26,18,29,27,28,22,26
1099,0,13.017467737,20221214215326228,None,25,24,19,29,26,28,23,22
1100,0,13.027477026,20221214215326238,None,25,24,19,29,26,28,23,22
1101,0,13.037470817,20221214215326248,None,24,24,20,32,25,26,21,23
1102,0,13.047470331,20221214215326258,None,24,24,20,32,25,26,21,23
1103,0,13.057462692,20221214215326268,None,27,23,19,31,23,27,20,23
1104,0,13.067456722,20221214215326278,None,27,23,19,31,23,27,20,23
1105,0,13.077454567,20221214215326288,None,26,25,20,29,28,25,21,22
1106,0,13.087471008,20221214215326298,None,26,25,20,29,28,25,21,22
1107,0,13.097455263,20221214215326308,None,21,24,21,28,24,23,22,21
1108,0,13.10746479,20221214215326318,None,21,24,21,28,24,23,22,21
1109,0,13.117459774,20221214215326328,None,21,24,19,27,25,23,21,21
1110,0,13.127464533,20221214215326338,None,21,24,19,27,25,23,21,21
1111,0,13.137457371,20221214215326348,None,21,24,19,25,25,26,23,21
1112,0,13.147463798,20221214215326358,None,21,24,19,25,25,26,23,21
1113,0,13.157458782,20221214215326368,None,18,24,20,27,25,23,23,18
1114,0,13.167453527,20221214215326378,None,18,24,20,27,25,23,23,18
1115,0,13.177467108,20221214215326388,None,18,24,20,27,25,23,23,18
1116,0,13.187474251,20221214215326398,None,19,22,20,26,22,26,20,17
1117,0,13.197457552,20221214215326408,None,19,22,20,26,22,26,20,17
1118,0,13.207452059,20221214215326418,None,18,23,20,25,23,26,20,17
1119,0,13.217458963,20221214215326428,None,18,21,20,23,21,24,20,17
1120,0,13.227456093,20221214215326438,None,18,21,20,23,21,24,20,17
1121,0,13.23746252,20221214215326448,None,20,21,22,23,23,23,20,17
1122,0,13.247450113,20221214215326458,None,20,21,22,23,23,23,20,17
1123,0,13.257448196,20221214215326468,None,21,20,21,23,23,25,20,18
1124,0,13.267479896,20221214215326478,None,21,20,21,23,23,25,20,18
1125,0,13.277481794,20221214215326488,None,21,21,23,26,21,23,20,19
1126,0,13.287517786,20221214215326498,None,21,21,23,26,21,23,20,19
1127,0,13.297490597,20221214215326508,None,21,21,24,26,20,22,22,20
1128,0,13.307532549,20221214215326518,None,21,21,24,26,20,22,22,20
1129,0,13.317801475,20221214215326528,None,23,21,26,31,25,20,23,21
1130,0,13.327546596,20221214215326538,None,23,21,26,31,25,20,23,21
1131,0,13.337465524,20221214215326548,None,22,21,23,32,24,20,22,20
1132,0,13.347527742,20221214215326558,None,22,21,23,32,24,20,22,20
1133,0,13.357627868,20221214215326568,None,21,22,23,32,28,20,24,19
1134,0,13.367606163,20221214215326578,None,21,22,23,32,28,20,24,19
1135,0,13.377514601,20221214215326588,None,20,22,21,31,29,20,24,20
1136,0,13.387469291,20221214215326598,None,20,22,21,31,29,20,24,20
1137,0,13.397607326,20221214215326608,None,25,22,20,32,29,21,25,19
1138,0,13.407676935,20221214215326618,None,25,22,20,32,29,21,25,19
1139,0,13.417813539,20221214215326628,None,24,23,18,29,25,22,23,19
1140,0,13.427530527,20221214215326638,None,24,23,18,29,25,22,23,19
1141,0,13.437494516,20221214215326648,None,23,24,19,27,26,21,26,20
1142,0,13.447595596,20221214215326658,None,23,24,19,27,26,21,26,20
1143,0,13.457545519,20221214215326668,None,24,25,19,25,23,22,24,21
1144,0,13.467563391,20221214215326678,None,24,25,19,25,23,22,24,21
